file,between_parts_%,within_parts_%,GRR_%
Project Details (1),99.9949441251751,0.005055874824910813,11.28744291075819
Project Details (2),99.95985356725836,0.04014643274163753,23.39000257179198
Project Details (3),99.99681162231255,0.0031883776874446186,10.227461516110804
Project Details,99.99974513503595,0.0002548649640501883,3.3507813830236812
Project Surface Bonded,99.9993547413767,0.0006452586233011294,5.157508637436169
