file,between_parts_%,within_parts_%,GRR_%
Project Details (1),99.9949441251751,0.005055874824910813,6.1218855222907305
Project Details (2),99.95985356725836,0.04014643274163753,12.839370550658305
Project Details (3),99.99681162231255,0.0031883776874446186,5.70806121950106
Project Details,99.99974513503595,0.0002548649640501883,1.9245171582879077
Project Surface Bonded,99.9993547413767,0.0006452586233011294,2.6801491387042997
